stage,roc_auc_mean,roc_auc_ci_lower,roc_auc_ci_upper,pr_auc_mean,pr_auc_ci_lower,pr_auc_ci_upper,h_measure_mean,h_measure_ci_lower,h_measure_ci_upper,recall_mean,recall_ci_lower,recall_ci_upper,f1_score_mean,f1_score_ci_lower,f1_score_ci_upper
Stage 1 (TF-IDF),0.5114483032194618,0.5084366832854069,0.5144599231535166,0.5629225486537426,0.5610290155359086,0.5648160817715766,0.5155052326238048,0.5132322236957675,0.517778241551842,0.13081967213114754,0.12695647657426726,0.1346828676880278,0.21528746245050304,0.20954822870496664,0.22102669619603943
Stage 2 (Subword),0.5,0.5,0.5,0.5536303630363038,0.5536303630363038,0.5536303630363038,0.5,0.5,0.5,0.0,0.0,0.0,0.0,0.0,0.0
Stage 3 (MiniLM),0.496461457090832,0.49253374120209176,0.5003891729795723,0.5599180070715846,0.5562980134607735,0.5635380006823957,0.5172052086575889,0.5148796610199656,0.5195307562952122,0.5011326378539492,0.4962016297067722,0.5060636460011263,0.5246214550595765,0.5210424931909672,0.5282004169281858
Stage 4 (KoSimCSE),0.4916127610458084,0.4879745559554968,0.49525096613612,0.5494467776246456,0.546629093237541,0.5522644620117501,0.5133145827536906,0.5114498339201493,0.5151793315872318,0.5136214605067064,0.5086204544533612,0.5186224665600516,0.530261910144015,0.5266500816863237,0.5338737386017064
